{"v":"5.1.18","fr":50,"ip":0,"op":44,"w":74,"h":74,"nm":"tab_mine_icon_p","ddd":0,"assets":[{"id":"comp_0","layers":[{"ddd":0,"ind":11,"ty":0,"nm":"tab_trend_icon_p","refId":"comp_1","sr":1,"ks":{"o":{"a":0,"k":100,"ix":11},"r":{"a":0,"k":0,"ix":10},"p":{"a":0,"k":[42.5,42.5,0],"ix":2},"a":{"a":0,"k":[42.5,42.5,0],"ix":1},"s":{"a":0,"k":[100,100,100],"ix":6}},"ao":0,"w":85,"h":85,"ip":8,"op":508,"st":8,"bm":0}]},{"id":"comp_1","layers":[{"ddd":0,"ind":1,"ty":4,"nm":"灰选","sr":1,"ks":{"o":{"a":1,"k":[{"i":{"x":[0.25],"y":[1]},"o":{"x":[0.333],"y":[0]},"n":["0p25_1_0p333_0"],"t":0,"s":[100],"e":[0]},{"t":6}],"ix":11},"r":{"a":0,"k":0,"ix":10},"p":{"a":0,"k":[41.902,41.365,0],"ix":2},"a":{"a":0,"k":[-20,-19.349,0],"ix":1},"s":{"a":0,"k":[100,100,100],"ix":6}},"ao":0,"shapes":[{"ty":"gr","it":[{"ind":0,"ty":"sh","ix":1,"ks":{"a":0,"k":{"i":[[0,0],[-5.312,0],[0,0]],"o":[[0,0],[5.312,0],[0,0]],"v":[[-28.438,-11.5],[-20.125,-6.688],[-11.625,-11.438]],"c":false},"ix":2},"nm":"路径 1","mn":"ADBE Vector Shape - Group","hd":false},{"ty":"st","c":{"a":0,"k":[0.313725490196,0.333333333333,0.419607843137,1],"ix":3},"o":{"a":0,"k":100,"ix":4},"w":{"a":0,"k":4,"ix":5},"lc":2,"lj":1,"ml":4,"nm":"描边 1","mn":"ADBE Vector Graphic - Stroke","hd":false},{"ty":"tr","p":{"a":0,"k":[0,0],"ix":2},"a":{"a":0,"k":[0,0],"ix":1},"s":{"a":0,"k":[100,100],"ix":3},"r":{"a":0,"k":0,"ix":6},"o":{"a":0,"k":100,"ix":7},"sk":{"a":0,"k":0,"ix":4},"sa":{"a":0,"k":0,"ix":5},"nm":"变换"}],"nm":"形状 1","np":3,"cix":2,"ix":1,"mn":"ADBE Vector Group","hd":false},{"ty":"gr","it":[{"ind":0,"ty":"sh","ix":1,"ks":{"a":0,"k":{"i":[[-3.312,0.071],[-1.533,-1.134],[-0.359,-3.042],[0.772,-1.977],[3.248,-1.856],[1.5,-0.027],[2.502,2.019],[0.353,0.71],[-0.383,2.741],[-0.78,0.616]],"o":[[3.312,-0.071],[0.28,0.303],[0.356,3.017],[-0.734,1.88],[-2.582,1.476],[-1.375,0.025],[-2.649,-2.136],[-0.647,-0.602],[0.344,-2.46],[0.782,-0.509]],"v":[[0.188,-33.429],[13.533,-17.491],[31.894,-10.017],[21.041,6.165],[19.377,26.794],[0.312,21.402],[-19.252,26.106],[-19.728,6.415],[-31.706,-9.767],[-12.657,-17.866]],"c":true},"ix":2},"nm":"路径 1","mn":"ADBE Vector Shape - Group","hd":false},{"ty":"st","c":{"a":0,"k":[0.313725490196,0.333333333333,0.419607843137,1],"ix":3},"o":{"a":0,"k":100,"ix":4},"w":{"a":0,"k":4,"ix":5},"lc":2,"lj":2,"nm":"描边 1","mn":"ADBE Vector Graphic - Stroke","hd":false},{"ty":"tr","p":{"a":0,"k":[-20,-15.5],"ix":2},"a":{"a":0,"k":[0,0],"ix":1},"s":{"a":0,"k":[100,100],"ix":3},"r":{"a":0,"k":0,"ix":6},"o":{"a":0,"k":100,"ix":7},"sk":{"a":0,"k":0,"ix":4},"sa":{"a":0,"k":0,"ix":5},"nm":"变换"}],"nm":"多边星形 1","np":3,"cix":2,"ix":2,"mn":"ADBE Vector Group","hd":false}],"ip":0,"op":500,"st":0,"bm":0},{"ddd":0,"ind":2,"ty":0,"nm":"反选","refId":"comp_2","sr":1,"ks":{"o":{"a":0,"k":100,"ix":11},"r":{"a":0,"k":0,"ix":10},"p":{"a":0,"k":[42.5,42.5,0],"ix":2},"a":{"a":0,"k":[42.5,42.5,0],"ix":1},"s":{"a":1,"k":[{"i":{"x":[0.667,0.667,0.667],"y":[1,1,1]},"o":{"x":[0.333,0.333,0.333],"y":[0,0,0]},"n":["0p667_1_0p333_0","0p667_1_0p333_0","0p667_1_0p333_0"],"t":0,"s":[90,90,100],"e":[110,110,100]},{"i":{"x":[0.667,0.667,0.667],"y":[1,1,1]},"o":{"x":[0.333,0.333,0.333],"y":[0,0,0]},"n":["0p667_1_0p333_0","0p667_1_0p333_0","0p667_1_0p333_0"],"t":10,"s":[110,110,100],"e":[95,95,100]},{"i":{"x":[0.5,0.5,0.5],"y":[1,1,1]},"o":{"x":[0.333,0.333,0.333],"y":[0,0,0]},"n":["0p5_1_0p333_0","0p5_1_0p333_0","0p5_1_0p333_0"],"t":20,"s":[95,95,100],"e":[100,100,100]},{"t":28}],"ix":6}},"ao":0,"w":85,"h":85,"ip":0,"op":500,"st":0,"bm":0}]},{"id":"comp_2","layers":[{"ddd":0,"ind":2,"ty":4,"nm":"形状图层 1","sr":1,"ks":{"o":{"a":1,"k":[{"i":{"x":[0.5],"y":[1]},"o":{"x":[0.333],"y":[0]},"n":["0p5_1_0p333_0"],"t":0,"s":[0],"e":[100]},{"t":5}],"ix":11},"r":{"a":0,"k":0,"ix":10},"p":{"a":1,"k":[{"i":{"x":0.5,"y":1},"o":{"x":0.333,"y":0},"n":"0p5_1_0p333_0","t":0,"s":[35,39.438,0],"e":[32.094,39.438,0],"to":[-0.484375,0,0],"ti":[0.484375,0,0]},{"t":10}],"ix":2},"a":{"a":0,"k":[-10.406,-3.062,0],"ix":1},"s":{"a":0,"k":[100,100,100],"ix":6}},"ao":0,"shapes":[{"ty":"gr","it":[{"ind":0,"ty":"sh","ix":1,"ks":{"a":0,"k":{"i":[[0,0],[0,0],[0,0]],"o":[[0,0],[0,0],[0,0]],"v":[[-12.438,-5.938],[-8.375,-3.125],[-12.25,-0.188]],"c":false},"ix":2},"nm":"路径 1","mn":"ADBE Vector Shape - Group","hd":false},{"ty":"st","c":{"a":0,"k":[1,1,1,1],"ix":3},"o":{"a":0,"k":100,"ix":4},"w":{"a":0,"k":3,"ix":5},"lc":2,"lj":2,"nm":"描边 1","mn":"ADBE Vector Graphic - Stroke","hd":false},{"ty":"fl","c":{"a":0,"k":[0.054901998183,0.462745008282,0.749019966873,1],"ix":4},"o":{"a":0,"k":0,"ix":5},"r":1,"nm":"填充 1","mn":"ADBE Vector Graphic - Fill","hd":false},{"ty":"tr","p":{"a":0,"k":[-8.522,-3.107],"ix":2},"a":{"a":0,"k":[-8.522,-3.107],"ix":1},"s":{"a":1,"k":[{"i":{"x":[0.5,0.5],"y":[1,1]},"o":{"x":[0.333,0.333],"y":[0,0]},"n":["0p5_1_0p333_0","0p5_1_0p333_0"],"t":0,"s":[100,0],"e":[100,100]},{"t":10}],"ix":3},"r":{"a":0,"k":0,"ix":6},"o":{"a":0,"k":100,"ix":7},"sk":{"a":0,"k":0,"ix":4},"sa":{"a":0,"k":0,"ix":5},"nm":"变换"}],"nm":"形状 1","np":4,"cix":2,"ix":1,"mn":"ADBE Vector Group","hd":false}],"ip":0,"op":1007,"st":0,"bm":0},{"ddd":0,"ind":3,"ty":4,"nm":"eye 2","sr":1,"ks":{"o":{"a":1,"k":[{"i":{"x":[0.5],"y":[1]},"o":{"x":[0.333],"y":[0]},"n":["0p5_1_0p333_0"],"t":0,"s":[0],"e":[100]},{"t":5}],"ix":11},"r":{"a":0,"k":0,"ix":10},"p":{"a":0,"k":[52.312,39.875,0],"ix":2},"a":{"a":0,"k":[1.5,3,0],"ix":1},"s":{"a":1,"k":[{"i":{"x":[0.5,0.5,0.5],"y":[1,1,1]},"o":{"x":[0.333,0.333,0.333],"y":[0,0,0]},"n":["0p5_1_0p333_0","0p5_1_0p333_0","0p5_1_0p333_0"],"t":0,"s":[100,0,100],"e":[100,100,100]},{"t":5}],"ix":6}},"ao":0,"shapes":[{"ty":"gr","it":[{"ind":0,"ty":"sh","ix":1,"ks":{"a":0,"k":{"i":[[0,-0.55],[0.28,0],[0,0.55],[-0.28,0]],"o":[[0,0.55],[-0.28,0],[0,-0.55],[0.28,0]],"v":[[1,1],[0.5,2],[0,1],[0.5,0]],"c":true},"ix":2},"nm":"路径 1","mn":"ADBE Vector Shape - Group","hd":false},{"ty":"st","c":{"a":0,"k":[1,1,1,1],"ix":3},"o":{"a":0,"k":100,"ix":4},"w":{"a":0,"k":1,"ix":5},"lc":2,"lj":2,"nm":"描边 1","mn":"ADBE Vector Graphic - Stroke","hd":false},{"ty":"tr","p":{"a":0,"k":[0,0],"ix":2},"a":{"a":0,"k":[0,0],"ix":1},"s":{"a":0,"k":[300,300],"ix":3},"r":{"a":0,"k":0,"ix":6},"o":{"a":0,"k":100,"ix":7},"sk":{"a":0,"k":0,"ix":4},"sa":{"a":0,"k":0,"ix":5},"nm":"变换"}],"nm":"组 1","np":2,"cix":2,"ix":1,"mn":"ADBE Vector Group","hd":false}],"ip":0,"op":1007,"st":0,"bm":0},{"ddd":0,"ind":4,"ty":4,"nm":"mouse","sr":1,"ks":{"o":{"a":1,"k":[{"i":{"x":[0.5],"y":[1]},"o":{"x":[0.333],"y":[0]},"n":["0p5_1_0p333_0"],"t":0,"s":[0],"e":[100]},{"t":5}],"ix":11},"r":{"a":0,"k":0,"ix":10},"p":{"a":0,"k":[42.178,50.025,0],"ix":2},"a":{"a":0,"k":[9.003,0,0],"ix":1},"s":{"a":1,"k":[{"i":{"x":[0.5,0.5,0.5],"y":[1,1,1]},"o":{"x":[0.333,0.333,0.333],"y":[0,0,0]},"n":["0p5_1_0p333_0","0p5_1_0p333_0","0p5_1_0p333_0"],"t":0,"s":[100,1,100],"e":[100,100,100]},{"t":10}],"ix":6}},"ao":0,"shapes":[{"ty":"gr","it":[{"ind":0,"ty":"sh","ix":1,"ks":{"a":0,"k":{"i":[[-0.42,0],[-1.17,0],[0.06,-0.23],[1.42,0],[0.26,1.4]],"o":[[2.26,0],[0.53,0],[-0.33,1.31],[-1.5,0],[-0.03,-0.17]],"v":[[0.43,0],[5.56,0],[5.96,0.73],[3.01,3],[0.01,0.54]],"c":true},"ix":2},"nm":"路径 1","mn":"ADBE Vector Shape - Group","hd":false},{"ty":"st","c":{"a":0,"k":[1,1,1,1],"ix":3},"o":{"a":0,"k":100,"ix":4},"w":{"a":0,"k":0.75,"ix":5},"lc":1,"lj":1,"ml":4,"nm":"描边 1","mn":"ADBE Vector Graphic - Stroke","hd":false},{"ty":"fl","c":{"a":0,"k":[1,1,1,1],"ix":4},"o":{"a":0,"k":100,"ix":5},"r":1,"nm":"填充 1","mn":"ADBE Vector Graphic - Fill","hd":false},{"ty":"tr","p":{"a":0,"k":[0,0],"ix":2},"a":{"a":0,"k":[0,0],"ix":1},"s":{"a":0,"k":[300,300],"ix":3},"r":{"a":0,"k":0,"ix":6},"o":{"a":0,"k":100,"ix":7},"sk":{"a":0,"k":0,"ix":4},"sa":{"a":0,"k":0,"ix":5},"nm":"变换"}],"nm":"组 1","np":3,"cix":2,"ix":1,"mn":"ADBE Vector Group","hd":false}],"ip":0,"op":973,"st":-100,"bm":0},{"ddd":0,"ind":5,"ty":4,"nm":"反选","sr":1,"ks":{"o":{"a":1,"k":[{"i":{"x":[0.5],"y":[1]},"o":{"x":[0.333],"y":[0]},"n":["0p5_1_0p333_0"],"t":0,"s":[0],"e":[100]},{"t":5}],"ix":11},"r":{"a":0,"k":0,"ix":10},"p":{"a":0,"k":[41.902,41.365,0],"ix":2},"a":{"a":0,"k":[-20,-19.349,0],"ix":1},"s":{"a":0,"k":[100,100,100],"ix":6}},"ao":0,"shapes":[{"ty":"gr","it":[{"ind":0,"ty":"sh","ix":1,"ks":{"a":0,"k":{"i":[[-3.312,0.071],[-1.533,-1.134],[-0.359,-3.042],[0.772,-1.977],[3.248,-1.856],[1.5,-0.027],[2.502,2.019],[0.353,0.71],[-0.383,2.741],[-0.78,0.616]],"o":[[3.312,-0.071],[0.28,0.303],[0.356,3.017],[-0.734,1.88],[-2.582,1.476],[-1.375,0.025],[-2.649,-2.136],[-0.647,-0.602],[0.344,-2.46],[0.782,-0.509]],"v":[[0.188,-33.429],[13.533,-17.491],[31.894,-10.017],[21.041,6.165],[19.377,26.794],[0.312,21.402],[-19.252,26.106],[-19.728,6.415],[-31.706,-9.767],[-12.657,-17.866]],"c":true},"ix":2},"nm":"路径 1","mn":"ADBE Vector Shape - Group","hd":false},{"ty":"st","c":{"a":0,"k":[0.078431372549,0.619607843137,1,1],"ix":3},"o":{"a":0,"k":100,"ix":4},"w":{"a":0,"k":3,"ix":5},"lc":2,"lj":2,"nm":"描边 1","mn":"ADBE Vector Graphic - Stroke","hd":false},{"ty":"fl","c":{"a":0,"k":[0.078431372549,0.619607843137,1,1],"ix":4},"o":{"a":0,"k":100,"ix":5},"r":1,"nm":"填充 1","mn":"ADBE Vector Graphic - Fill","hd":false},{"ty":"tr","p":{"a":0,"k":[-20,-15.5],"ix":2},"a":{"a":0,"k":[0,0],"ix":1},"s":{"a":0,"k":[100,100],"ix":3},"r":{"a":0,"k":0,"ix":6},"o":{"a":0,"k":100,"ix":7},"sk":{"a":0,"k":0,"ix":4},"sa":{"a":0,"k":0,"ix":5},"nm":"变换"}],"nm":"多边星形 1","np":3,"cix":2,"ix":3,"mn":"ADBE Vector Group","hd":false}],"ip":0,"op":500,"st":0,"bm":0}]}],"layers":[{"ddd":0,"ind":1,"ty":0,"nm":"tab_zuiuyou_icon_p","refId":"comp_0","sr":1,"ks":{"o":{"a":0,"k":100,"ix":11},"r":{"a":0,"k":0,"ix":10},"p":{"a":0,"k":[37,37,0],"ix":2},"a":{"a":0,"k":[42.5,42.5,0],"ix":1},"s":{"a":0,"k":[87,87,100],"ix":6}},"ao":0,"w":85,"h":85,"ip":-8,"op":492,"st":-8,"bm":0}],"markers":[]}